recipe_name,cuisine_SP,aisle_SP,ingredients_SP
Chicken Fajita Stuffed Bell Pepper,['Mexican'],"['Produce', 'Produce', 'Meat', 'Spices and Seasonings', 'Produce;Spices and Seasonings', 'Spices and Seasonings', 'Produce', 'Pasta and Rice;Health Foods', 'Pasta and Rice;Ethnic Foods', 'Spices and Seasonings', 'Cheese']","['avocado', 'bell pepper', 'chicken breast', 'chili powder', 'cilantro', 'cumin', 'lettuce', 'quinoa', 'salsa', 'salt and pepper', 'shredded cheese']"
Corn Avocado Salsa,['Mexican'],"['Produce', 'Oil, Vinegar, Salad Dressing', 'Spices and Seasonings', 'Frozen', 'Produce', 'Produce']","['avocado', 'balsamic vinegar', 'cumin', 'frozen corn', 'garlic', 'red pepper']"
Cheesy Chicken Enchilada Quinoa Casserole,['Mexican'],"['Produce', 'Spices and Seasonings', 'Canned and Jarred', 'Canned and Jarred', 'Spices and Seasonings', 'Pasta and Rice;Health Foods', 'Spices and Seasonings', 'Pasta and Rice;Ethnic Foods', 'Produce;Spices and Seasonings', 'Produce', 'Produce', 'Spices and Seasonings', 'Cheese', 'Meat', 'Produce', 'Spices and Seasonings']","['avocado', 'black pepper', 'canned black beans', 'canned tomatoes', 'chili powder', 'cooked quinoa', 'cumin', 'green enchilada sauce', 'cilantro', 'spring onions', 'italian tomato', 'salt', 'shredded cheese', 'boneless skinless chicken breast', 'corn', 'white pepper']"
Homemade Guacamole,['Mexican'],"['Produce', 'Produce;Spices and Seasonings', 'Produce', 'Spices and Seasonings', 'Produce', 'Produce']","['avocado', 'cilantro', 'lime juice', 'black pepper', 'red onion', 'italian tomato']"
Mini Stuffed Mexican Bell Peppers,['Mexican'],"['Produce', 'Canned and Jarred', 'Spices and Seasonings', 'Canned and Jarred;Ethnic Foods', 'Canned and Jarred', 'Produce', 'Produce', 'Spices and Seasonings', 'Spices and Seasonings', 'Meat', 'Spices and Seasonings', 'Produce', 'Produce']","['bell pepper', 'canned black beans', 'chili powder', 'canned chipotle chile', 'fire roasted tomatoes', 'garlic', 'green chili pepper', 'ground coriander', 'cumin', 'ground turkey', 'paprika', 'tomatillos', 'yellow onion']"
Filet Mignon Soft Tacos,['Mexican'],"['Seafood', 'Oil, Vinegar, Salad Dressing', 'Refrigerated', 'Spices and Seasonings', 'Cheese', 'Milk, Eggs, Other Dairy', 'Bakery/Bread;Pasta and Rice;Ethnic Foods']","['cod fillets', 'extra virgin olive oil', 'guacamole', 'black pepper', 'shredded cheddar cheese', 'sour cream', 'white corn tortilla']"
Instant Pot Chicken Taco Soup,['Mexican'],"['Meat', 'Canned and Jarred', 'Produce', 'Canned and Jarred', 'Canned and Jarred', 'Spices and Seasonings', 'Spices and Seasonings', 'Produce', 'Produce', 'Oil, Vinegar, Salad Dressing', 'Produce', 'Beverages']","['boneless skinless chicken breast', 'canned black beans', 'whole kernel corn', 'canned green chiles', 'canned tomatoes', 'chili powder', 'dried cilantro', 'green pepper', 'spring onions', 'olive oil', 'onion', 'water']"
Slow Cooker Chicken Taco Soup,['Mexican'],"['Canned and Jarred', 'Canned and Jarred', 'Canned and Jarred', 'Canned and Jarred', 'Produce', 'Produce', 'Meat']","['canned black beans', 'canned diced tomatoes', 'canned tomatoes', 'chili beans', 'corn', 'red onion', 'boneless skinless chicken breast']"
Corn-Crusted Fish Tacos With Jalapeno-Lime Sauce and Spicy Black Beans,['Mexican'],"['Canned and Jarred', 'Spices and Seasonings', 'Produce;Spices and Seasonings', 'Bakery/Bread;Pasta and Rice;Ethnic Foods', 'Ethnic Foods;Baking', 'Spices and Seasonings', 'Produce', 'Condiments', 'Canned and Jarred;Produce;Ethnic Foods', 'Produce', 'Produce', 'Condiments', 'Cheese', 'Oil, Vinegar, Salad Dressing', 'Produce', 'Seafood', 'Produce']","['canned black beans', 'ground cayenne pepper', 'cilantro', 'white corn tortilla', 'cornmeal', 'cumin', 'spring onions', 'hot sauce', 'jalapeno pepper', 'lime juice', 'lime', 'mayonnaise', 'monterey jack cheese', 'olive oil', 'red cabbage', 'tilapia', 'tomato']"
"Grilled Salmon With Cherry, Pineapple, Mango Salsa",['Mexican'],"['Produce', 'Produce', 'Produce', 'Produce;Spices and Seasonings', 'Produce', 'Produce', 'Produce', 'Produce', 'Oil, Vinegar, Salad Dressing', 'Produce', 'Produce', 'Seafood', 'Spices and Seasonings', 'Produce']","['anaheim pepper', 'cherries', 'fresh basil', 'mint', 'garlic', 'lime juice', 'lime peel', 'mango', 'olive oil', 'peach', 'pineapple', 'salmon', 'salt and pepper', 'shallot']"
Vegan Taco bowls with Cilantro Lime Cauliflower Rice,['Mexican'],"['Oil, Vinegar, Salad Dressing;Health Foods', 'Produce', 'Spices and Seasonings', 'Produce;Spices and Seasonings', 'Spices and Seasonings', 'Produce', 'Canned and Jarred;Produce;Ethnic Foods', 'Produce', 'Produce', 'Spices and Seasonings', 'Produce', 'Nuts;Baking']","['avocado oil', 'cauliflower', 'chili powder', 'cilantro', 'garlic powder', 'avocado', 'jalapeno pepper', 'lime juice', 'onion', 'salt', 'tomato', 'walnuts']"
Mango Salsa,['Mexican'],"['Produce', 'Produce', 'Produce', 'Produce', 'Produce;Spices and Seasonings', 'Produce', 'Produce', 'Baking']","['cherry tomato', 'green pepper', 'lime juice', 'mango', 'mint', 'red pepper', 'red onion', 'sugar']"
Carolina Caviar - Black Bean Salsa,['Mexican'],"['Canned and Jarred', 'Produce', 'Produce', 'Produce', 'Produce', 'Produce', 'Produce', 'Produce', 'Canned and Jarred', 'Produce;Spices and Seasonings', 'Produce', 'Produce', 'Condiments', 'Spices and Seasonings']","['canned black beans', 'avocado', 'yellow pepper', 'orange pepper', 'green pepper', 'spring onions', 'onion', 'corn', 'diced tomatoes with green chilies', 'cilantro', 'garlic', 'lime juice', 'hot sauce', 'salt and pepper']"
Restaurant Style Salsa,['Mexican'],"['Canned and Jarred', 'Produce;Spices and Seasonings', 'Produce', 'Spices and Seasonings', 'Canned and Jarred;Produce;Ethnic Foods', 'Produce', 'Produce', 'Canned and Jarred', 'Spices and Seasonings', None, 'Baking']","['canned tomatoes', 'cilantro', 'garlic', 'cumin', 'jalapeno pepper', 'lime juice', 'onion', 'diced tomatoes with green chilies', 'salt', 'seasoning', 'sugar']"
Seared Pork Chops W/ Mango Salsa,['Mexican'],"['Produce', 'Produce', 'Spices and Seasonings', 'Produce;Spices and Seasonings', 'Spices and Seasonings', 'Spices and Seasonings', 'Produce', 'Produce', 'Spices and Seasonings', 'Produce', 'Spices and Seasonings', 'Meat', 'Spices and Seasonings', 'Produce', 'Produce', 'Oil, Vinegar, Salad Dressing']","['bell pepper', 'bell pepper', 'ground cayenne pepper', 'cilantro', 'cumin', 'garlic powder', 'lime', 'mango', 'mustard powder', 'onion', 'onion powder', 'pork chops', 'salt', 'spring onions', 'tomato', 'vegetable oil']"
Crispy-Crowned Guacamole Fish Fillets,['Mexican'],"['Produce', 'Produce', 'Produce', 'Produce;Spices and Seasonings', 'Seafood', 'Produce', 'Produce', 'Produce', 'Spices and Seasonings', 'Condiments', 'Savory Snacks']","['avocado', 'bell pepper', 'cherry tomato', 'cilantro', 'fish', 'garlic', 'onion', 'bell pepper', 'salt', 'hot sauce', 'corn tortilla chips']"
Flank Steak with Herbed Salsa,['Mexican'],"['Produce;Spices and Seasonings', 'Oil, Vinegar, Salad Dressing', 'Meat', 'Produce', 'Canned and Jarred;Produce;Ethnic Foods', 'Produce', 'Produce', 'Spices and Seasonings', 'Produce', 'Produce']","['cilantro', 'extra virgin olive oil', 'flank steak', 'garlic', 'jalapeno pepper', 'lemon juice', 'lime juice', 'salt and pepper', 'spring onions', 'tomato']"
Mexican Casserole,['Mexican'],"['Meat', 'Cheese', 'Canned and Jarred', 'Canned and Jarred', 'Produce', 'Pasta and Rice', 'Pasta and Rice;Ethnic Foods', 'Cheese']","['chicken breast', 'colby jack', 'condensed cream of chicken soup', 'condensed cream of mushroom soup', 'onion', 'rice', 'salsa', 'shredded cheddar cheese']"
Beef Fajita Marinade,['Mexican'],"['Produce;Spices and Seasonings', 'Produce', 'Cheese', 'Spices and Seasonings', 'Produce', 'Produce', 'Oil, Vinegar, Salad Dressing', 'Meat']","['cilantro', 'garlic', 'grilling cheese', 'ground chipotle chile pepper', 'lime juice', 'lime peel', 'olive oil', 'skirt steak']"
Black Bean and Peppers Taco Filling,['Mexican'],"['Produce', 'Canned and Jarred', 'Canned and Jarred', 'Spices and Seasonings', 'Spices and Seasonings', 'Spices and Seasonings', 'Oil, Vinegar, Salad Dressing', 'Produce', 'Produce;Spices and Seasonings', 'Spices and Seasonings']","['bell pepper', 'canned black beans', 'canned tomatoes', 'chili powder', 'garlic powder', 'cumin', 'light olive oil', 'onion', 'oregano', 'paprika']"
Grilled Salmon With Mango Salsa,['Mexican'],"['Produce;Spices and Seasonings', 'Dried Fruits;Produce', 'Produce', 'Produce', 'Produce', 'Seafood', 'Spices and Seasonings']","['cilantro', 'dried mango', 'lime juice', 'onion', 'pineapple', 'salmon', 'salt']"
Mexican Chicken & Rice Bowl,['Mexican'],"['Meat', 'Produce;Spices and Seasonings', 'Pasta and Rice', 'Canned and Jarred', 'Produce', 'Produce', 'Produce', 'Produce', 'Pasta and Rice;Ethnic Foods', 'Oil, Vinegar, Salad Dressing', 'Spices and Seasonings']","['chicken breast', 'parsley', 'cooked brown rice', 'canned black beans', 'whole kernel corn', 'tomato', 'avocado', 'lime', 'salsa', 'olive oil', 'salt and pepper']"
Grilled Fish Tacos W/ Spicy Tequila-Lime Guacamole,['Mexican'],"['Produce', 'Seafood', 'Bakery/Bread;Pasta and Rice;Ethnic Foods', 'Produce;Spices and Seasonings', 'Canned and Jarred;Produce;Ethnic Foods', 'Produce', 'Produce', 'Produce', 'Milk, Eggs, Other Dairy', 'Oil, Vinegar, Salad Dressing', 'Produce', 'Spices and Seasonings', 'Alcoholic Beverages', 'Produce']","['avocado', 'fish', 'flour tortilla', 'cilantro', 'jalapeno pepper', 'lettuce', 'lime juice', 'lime peel', 'fat free greek yogurt', 'olive oil', 'onion', 'salt and pepper', 'tequila', 'tomato']"
Healthy & Spicy Fish Taco Salad,['Mexican'],"['Ethnic Foods;Spices and Seasonings', 'Produce', 'Produce', 'Produce;Spices and Seasonings', 'Seafood', 'Frozen', 'Canned and Jarred;Produce;Ethnic Foods', 'Produce', 'Produce', 'Spices and Seasonings', 'Produce', 'Pasta and Rice;Ethnic Foods', 'Spices and Seasonings', 'Bakery/Bread;Pasta and Rice;Ethnic Foods', 'Oil, Vinegar, Salad Dressing', 'Oil, Vinegar, Salad Dressing']","['ancho chili powder', 'avocado', 'cherry tomato', 'cilantro', 'fish', 'frozen corn', 'jalapeno pepper', 'lime juice', 'red onion', 'red pepper flakes', 'romaine', 'salsa', 'salt and pepper', 'tortilla', 'vegetable oil', 'vegetable oil']"
Kk's Fish Tacos,['Mexican'],"['Seafood', 'Bakery/Bread;Pasta and Rice;Ethnic Foods', 'Produce;Spices and Seasonings', 'Produce', 'Produce', 'Produce', 'Produce', 'Pasta and Rice', 'Spices and Seasonings', '?']","['tilapia', 'flour tortilla', 'cilantro', 'lime', 'lettuce', 'tomato', 'onion', 'breadcrumbs', 'creole seasoning', None]"
Blast Of Color Mexican Stuffed Bell Peppers,['Mexican'],"['Produce', 'Pasta and Rice;Canned and Jarred', 'Meat', 'Produce', 'Spices and Seasonings', 'Pasta and Rice', 'Produce', 'Produce', 'Cheese', 'Produce', 'Produce', 'Milk, Eggs, Other Dairy']","['bell pepper', 'black beans', 'chicken breast', 'chili pepper', 'chili seasoning mix', 'cooked brown rice', 'corn kernels', 'garlic', 'low fat shredded cheddar', 'red onion', 'italian tomato', 'sour cream']"
Salsa Chicken & Black Beans,['Mexican'],"['Canned and Jarred', 'Canned and Jarred', 'Produce;Spices and Seasonings', 'Produce', 'Produce', 'Produce', 'Produce', 'Pasta and Rice;Ethnic Foods', 'Meat']","['stock', 'canned black beans', 'cilantro', 'garlic', 'lime juice', 'bell pepper', 'onion', 'salsa', 'shredded chicken']"
Chicken Taquitos with an Avocado Salsa,['Mexican'],"['Bakery/Bread;Pasta and Rice;Ethnic Foods', 'Meat', 'Oil, Vinegar, Salad Dressing', 'Milk, Eggs, Other Dairy', 'Cheese', 'Produce', 'Produce', 'Produce;Spices and Seasonings', 'Produce', 'Produce', 'Produce', 'Spices and Seasonings']","['white corn tortilla', 'chicken breast', 'cooking oil', 'mexican crema', 'queso fresco', 'avocado', 'tomatillos', 'cilantro', 'white onion', 'garlic', 'lime juice', 'salt']"
Cheesy Beef Burrito,['Mexican'],"['Oil, Vinegar, Salad Dressing', 'Meat', 'Produce', 'Produce', 'Pasta and Rice;Ethnic Foods', 'Beverages', 'Canned and Jarred', 'Pasta and Rice;Ethnic Foods', 'Spices and Seasonings', 'Spices and Seasonings', 'Bakery/Bread;Pasta and Rice;Ethnic Foods', 'Cheese', 'Produce', 'Pasta and Rice', 'Pasta and Rice;Canned and Jarred', 'Produce', 'Produce', 'Produce', 'Milk, Eggs, Other Dairy']","['peanut oil', 'beef cubes', 'red onion', 'garlic', 'green enchilada sauce', 'tomato juice', 'canned green chiles', 'salsa verde', 'salt', 'chili powder', 'flour tortilla', 'sharp cheddar cheese', 'onion', 'cooked rice', 'black beans', 'tomato', 'romaine', 'spring onions', 'sour cream']"
Turkey Kale Tacos,['Mexican'],"['Spices and Seasonings', 'Spices and Seasonings', 'Produce', 'Meat', 'Produce', 'Spices and Seasonings', 'Oil, Vinegar, Salad Dressing', 'Produce', 'Spices and Seasonings', 'Produce', 'Beverages']","['ground cayenne pepper', 'cumin', 'garlic', 'ground turkey', 'kale', 'kosher salt', 'olive oil', 'onion', 'paprika', 'red pepper', 'water']"
Mexican Lettuce Wraps & Spanish Rice,['Mexican'],"['Meat', 'Produce', 'Produce', 'Beverages', 'Ethnic Foods;Spices and Seasonings', 'Oil, Vinegar, Salad Dressing', 'Produce', 'Pasta and Rice', 'Beverages', 'Pasta and Rice', 'Canned and Jarred;Frozen', 'Canned and Jarred', 'Produce;Spices and Seasonings', 'Spices and Seasonings', 'Cheese', 'Produce', 'Pasta and Rice;Ethnic Foods']","['ground turkey', 'garlic', 'onion', 'water', 'taco seasoning mix', 'olive oil', 'lettuce', 'brown rice', 'water', 'tomato paste', 'peas and carrots', 'olives', 'oregano', 'black pepper', 'shredded cheddar cheese', 'avocado', 'salsa']"
Black Bean Soup With Pico De Gallo and Chipotle Creme,['Mexican'],"['Canned and Jarred;Ethnic Foods', 'Produce', 'Produce', 'Produce;Spices and Seasonings', 'Canned and Jarred;Produce;Ethnic Foods', 'Produce', 'Spices and Seasonings', 'Ethnic Foods', 'Pasta and Rice;Canned and Jarred', 'Beverages', 'Produce', 'Produce', 'Meat', 'Meat', 'Produce', 'Spices and Seasonings', 'Spices and Seasonings', 'Produce;Spices and Seasonings', 'Spices and Seasonings', 'Canned and Jarred', 'Canned and Jarred;Ethnic Foods', 'Frozen', 'Milk, Eggs, Other Dairy', 'Canned and Jarred;Ethnic Foods']","['pico de gallo', 'white onion', 'tomato', 'cilantro', 'jalapeno pepper', 'lime juice', 'salt', 'black bean sauce', 'dried black beans', 'water', 'white onion', 'carrot', 'pork', 'smoked ham hock', 'garlic', 'white pepper', 'cumin', 'oregano', 'salt', 'chicken stock', 'chipotle chiles', 'light vanilla ice cream', 'greek yogurt', 'canned chipotle chile']"
Mango Blackberry Side Salad,['Mexican'],"['Produce', 'Produce', 'Produce', 'Produce', 'Produce;Spices and Seasonings']","['blackberries', 'mango', 'lime peel', 'lime juice', 'mint']"
Protein Strawberry Smoothie,['Mexican'],"['Milk, Eggs, Other Dairy', 'Produce', 'Milk, Eggs, Other Dairy', 'Nut butters, Jams, and Honey', 'Frozen', 'Produce']","['almond milk', 'ripe banana', 'fat free greek yogurt', 'honey', 'ice', 'strawberries']"
Mango Kiwi Salsa,['Mexican'],"['Produce;Spices and Seasonings', 'Produce', 'Canned and Jarred;Produce;Ethnic Foods', 'Produce', 'Produce', 'Produce', 'Produce', 'Produce', 'Spices and Seasonings', 'Produce']","['cilantro', 'garlic', 'jalapeno pepper', 'lime juice', 'kiwi', 'mango', 'bell pepper', 'red onion', 'salt', 'tomato']"
Tangy & Savory Mexican Soup,['Mexican'],"['Produce', 'Produce', 'Produce;Spices and Seasonings', 'Produce', 'Meat', 'Produce', 'Produce;Spices and Seasonings', 'Produce', 'Spices and Seasonings', 'Produce', 'Spices and Seasonings', 'Milk, Eggs, Other Dairy', 'Pasta and Rice', 'Savory Snacks', 'Beverages', 'Produce', 'Produce', '?']","['avocado', 'carrot', 'cilantro', 'garlic', 'ground chuck', 'lime juice', 'oregano', 'red pepper', 'red pepper flakes', 'red onion', 'coarse sea salt', 'sour cream', 'tomato paste', 'corn tortilla chips', 'water', 'yellow onion', 'zucchini', None]"
Instant Pot Chicken Tacos,['Mexican'],"['Spices and Seasonings', 'Meat', 'Produce', 'Produce', 'Pasta and Rice;Ethnic Foods', 'Ethnic Foods;Spices and Seasonings']","['black pepper', 'chicken breast', 'lime juice', 'red onion', 'salsa', 'taco seasoning mix']"
"Mushroom, Jalapeño, and Cilantro Salsa",['Mexican'],"['Produce', 'Produce', 'Canned and Jarred;Produce;Ethnic Foods', 'Produce;Spices and Seasonings', 'Produce', 'Oil, Vinegar, Salad Dressing', 'Spices and Seasonings']","['fresh mushrooms', 'red onion', 'jalapeno pepper', 'cilantro', 'lime juice', 'olive oil', 'salt']"
Grilled Guacamole with Pistachios,['Mexican'],"['Produce', 'Spices and Seasonings', 'Produce', 'Produce;Spices and Seasonings', 'Produce', 'Spices and Seasonings', 'Spices and Seasonings', 'Canned and Jarred;Produce;Ethnic Foods', 'Produce', 'Oil, Vinegar, Salad Dressing', 'Produce', 'Nuts;Savory Snacks', 'Spices and Seasonings', 'Produce']","['avocado', 'cumin', 'sweet corn on the cob', 'cilantro', 'garlic', 'black pepper', 'black pepper', 'jalapeno pepper', 'lime', 'olive oil', 'onion', 'pistachio nuts', 'salt', 'tomato']"
Roasted Vegetable Tacos,['Mexican'],"['Oil, Vinegar, Salad Dressing', 'Produce', 'Canned and Jarred', 'Canned and Jarred', 'Spices and Seasonings', 'Spices and Seasonings', 'Produce', 'Cheese', 'Produce', 'Oil, Vinegar, Salad Dressing', 'Spices and Seasonings', 'Produce', 'Produce', 'Produce', 'Spices and Seasonings', 'Produce']","['apple cider vinegar', 'avocado', 'canned black beans', 'chicken stock', 'chili powder', 'cumin', 'sweet corn on the cob', 'goat cheese', 'spring onions', 'olive oil', 'paprika', 'pasilla pepper', 'red pepper', 'red onion', 'salt', 'sweet potato']"
Pork Tenderloin With Mango-Kiwi Glaze Served With Tomatillo Salsa,['Mexican'],"['Ethnic Foods;Spices and Seasonings', 'Spices and Seasonings', 'Produce', 'Spices and Seasonings', 'Spices and Seasonings', 'Produce;Spices and Seasonings', 'Produce;Ethnic Foods;Spices and Seasonings', 'Produce', 'Spices and Seasonings', 'Spices and Seasonings', 'Canned and Jarred;Produce;Ethnic Foods', 'Produce', 'Produce', 'Produce', 'Spices and Seasonings', 'Meat', 'Produce', 'Oil, Vinegar, Salad Dressing', 'Produce', 'Produce', 'Spices and Seasonings', 'Spices and Seasonings', 'Produce']","['ancho chili powder', 'black pepper', 'bell pepper', 'ground cayenne pepper', 'ground cayenne pepper', 'cilantro', 'ginger', 'garlic', 'garlic powder', 'cumin', 'jalapeno pepper', 'lime juice', 'lime juice', 'kiwi', 'kosher salt', 'lean pork tenderloin', 'mango', 'olive oil', 'red onion', 'red onion', 'salt', 'salt and pepper', 'tomatillos']"
Cilantro Lime Fish Tacos,['Mexican'],"['Canned and Jarred', 'Bakery/Bread;Pasta and Rice;Ethnic Foods', 'Produce;Spices and Seasonings', 'Produce', 'Produce', 'Oil, Vinegar, Salad Dressing', 'Produce', 'Pasta and Rice;Ethnic Foods', 'Milk, Eggs, Other Dairy', 'Seafood']","['stock', 'white corn tortilla', 'cilantro', 'lettuce', 'lime juice', 'olive oil', 'red onion', 'salsa', 'sour cream', 'tilapia']"
Mexican Quinoa Bowl,['Mexican'],"['Pasta and Rice;Health Foods', 'Oil, Vinegar, Salad Dressing', 'Produce', 'Produce', 'Canned and Jarred', 'Spices and Seasonings', 'Spices and Seasonings', 'Spices and Seasonings', 'Pasta and Rice', 'Pasta and Rice;Canned and Jarred', 'Produce', 'Produce', 'Canned and Jarred;Produce;Ethnic Foods', 'Produce;Spices and Seasonings', 'Produce']","['quinoa', 'olive oil', 'whole garlic cloves', 'white onion', 'low sodium chicken broth', 'ground cumin', 'kosher salt', 'black pepper', 'canned tomato sauce', 'black beans', 'avocado', 'tomato', 'jalapeno pepper', 'cilantro', 'lime juice']"
Loaded Paleo Nachos With Fresh Salsa & Guacamole,['Mexican'],"['Produce', 'Spices and Seasonings', 'Health Foods;Baking', 'Produce', 'Produce', 'Produce', 'Spices and Seasonings', 'Spices and Seasonings', 'Meat', 'Pasta and Rice', 'Canned and Jarred', 'Produce', 'Produce', 'Produce;Spices and Seasonings', 'Produce', 'Produce', 'Produce', 'Produce', 'Spices and Seasonings']","['sweet potato', 'red pepper flakes', 'coconut oil', 'onion', 'garlic', 'chili pepper', 'smoked paprika', 'cumin seeds', 'ground chuck', 'tomato paste', 'passata', 'tomato', 'red onion', 'cilantro', 'chives', 'avocado', 'garlic', 'lime', 'salt and pepper']"
Guacamole,['Mexican'],"['Produce', 'Produce', 'Canned and Jarred;Produce;Ethnic Foods', 'Produce;Spices and Seasonings', 'Spices and Seasonings', 'Spices and Seasonings', 'Produce', 'Produce', 'Produce;Spices and Seasonings']","['avocado', 'onion', 'jalapeno pepper', 'cilantro', 'salt', 'black pepper', 'lime juice', 'fresh basil', 'oregano']"
Turkey Enchilada Bake,['Mexican'],"['Produce', 'Canned and Jarred', 'Spices and Seasonings', 'Canned and Jarred;Ethnic Foods', 'Produce;Spices and Seasonings', 'Bakery/Bread;Pasta and Rice;Ethnic Foods', 'Canned and Jarred', 'Produce', 'Produce', 'Spices and Seasonings', 'Spices and Seasonings', 'Produce', 'Meat', 'Produce', 'Spices and Seasonings', 'Pasta and Rice;Ethnic Foods', 'Cheese', 'Milk, Eggs, Other Dairy', 'Produce', 'Produce']","['avocado', 'canned black beans', 'chili powder', 'canned chipotle chile', 'cilantro', 'white corn tortilla', 'fire roasted tomatoes', 'garlic', 'green chili pepper', 'ground coriander', 'cumin', 'lime juice', 'ground turkey', 'onion', 'paprika', 'salsa', 'shredded mexican cheese blend', 'sour cream', 'tomatillos', 'yellow onion']"
Spicy Vegan Quesadillas,['Mexican'],"['Oil, Vinegar, Salad Dressing', 'Produce', 'Produce', 'Produce', 'Produce', 'Produce', 'Canned and Jarred', 'Canned and Jarred;Produce;Ethnic Foods', None, 'Bakery/Bread', 'Cheese;Health Foods']","['cooking oil', 'plum tomato', 'red pepper', 'yellow pepper', 'red onion', 'garlic', 'canned kidney beans', 'jalapeno pepper', 'seasoning', 'wrap', 'soy cheese']"
Salsa Verde By Mommie Cooks,['Mexican'],"['Produce', 'Canned and Jarred', 'Spices and Seasonings', 'Spices and Seasonings', 'Produce', 'Produce', 'Produce', 'Produce', 'Produce;Spices and Seasonings', 'Spices and Seasonings', 'Spices and Seasonings']","['tomatillos', 'vegetable stock', 'cumin', 'dried cilantro', 'lime juice', 'garlic', 'green chili pepper', 'onion', 'cilantro', 'black pepper', 'salt']"
Ceviche Tostadas,['Mexican'],"['Seafood', 'Produce', 'Produce;Spices and Seasonings', 'Produce', 'Produce', 'Produce', 'Oil, Vinegar, Salad Dressing', 'Spices and Seasonings', 'Savory Snacks']","['fish', 'tomato', 'cilantro', 'onion', 'lemon juice', 'serrano pepper', 'olive oil', 'salt', 'corn tortilla chips']"
Spicy Seasoned Loaded Guacamole,['Mexican'],"['Produce', 'Produce', 'Oil, Vinegar, Salad Dressing', 'Produce', 'Produce', 'Produce;Spices and Seasonings', 'Produce', 'Spices and Seasonings', 'Spices and Seasonings', 'Spices and Seasonings', 'Spices and Seasonings']","['avocado', 'lime juice', 'white wine vinegar', 'red onion', 'serrano pepper', 'cilantro', 'italian tomato', 'salt', 'black pepper', 'cumin', 'garlic powder']"
Smoky Chicken Tacos,['Mexican'],"['Produce', 'Produce', 'Spices and Seasonings', 'Produce;Spices and Seasonings', 'Produce', 'Bakery/Bread;Pasta and Rice;Ethnic Foods', 'Spices and Seasonings', 'Oil, Vinegar, Salad Dressing', 'Spices and Seasonings', 'Spices and Seasonings', 'Canned and Jarred;Produce;Ethnic Foods', 'Produce', 'Produce', 'Produce', 'Spices and Seasonings', 'Spices and Seasonings', 'Produce', 'Produce', 'Produce', 'Pasta and Rice;Ethnic Foods', 'Spices and Seasonings', 'Spices and Seasonings', 'Meat', 'Milk, Eggs, Other Dairy']","['avocado', 'cabbage', 'chili powder', 'cilantro', 'corn', 'white corn tortilla', 'cumin', 'extra virgin olive oil', 'garlic powder', 'garlic powder', 'jalapeno pepper', 'lime juice', 'lime juice', 'lime', 'onion powder', 'black pepper', 'red onion', 'red pepper', 'italian tomato', 'salsa', 'salt', 'salt and pepper', 'boneless skinless chicken breast', 'sour cream']"
Salmon With Orange Salsa and Pomegranate Glaze,['Mexican'],"['Ethnic Foods;Health Foods', 'Produce', 'Produce', 'Ethnic Foods;Baking', 'Spices and Seasonings', 'Produce', 'Produce;Spices and Seasonings', 'Produce', 'Beverages', 'Produce', 'Beverages', 'Spices and Seasonings', 'Spices and Seasonings', 'Spices and Seasonings', 'Produce', 'Oil, Vinegar, Salad Dressing', 'Produce', 'Alcoholic Beverages', 'Cheese', 'Produce', 'Seafood', 'Produce', 'Produce']","['agave', 'avocado', 'bell pepper', 'cornmeal', 'cumin seeds', 'fennel', 'cilantro', 'garlic', 'juice', 'lime juice', 'orange juice', 'kosher salt', 'kosher salt', 'kosher salt', 'navel orange', 'olive oil', 'persian cucumber', 'port', 'queso fresco', 'red onion', 'salmon', 'serrano pepper', 'tomato']"
Skirt Steak Fajitas,['Mexican'],"['Produce', 'Baking', 'Oil, Vinegar, Salad Dressing', 'Spices and Seasonings', 'Produce;Spices and Seasonings', 'Spices and Seasonings', 'Bakery/Bread;Pasta and Rice;Ethnic Foods', 'Produce', 'Produce', 'Produce', 'Pasta and Rice;Ethnic Foods', 'Meat', 'Milk, Eggs, Other Dairy', 'Ethnic Foods;Condiments', 'Produce']","['bell pepper', 'golden brown sugar', 'cooking oil', 'chili powder', 'cilantro', 'cumin', 'flour tortilla', 'garlic', 'lime juice', 'lime wedge', 'salsa', 'skirt steak', 'sour cream', 'soy sauce', 'white onion']"
Chicken Burritos,['Mexican'],"['Produce', 'Meat', 'Produce;Spices and Seasonings', 'Bakery/Bread;Pasta and Rice;Ethnic Foods', 'Produce', 'Produce', 'Spices and Seasonings', 'Spices and Seasonings', 'Produce']","['avocado', 'chicken meat', 'cilantro', 'flour tortilla', 'lemon juice', 'onion', 'black pepper', 'salt', 'tomato']"
Crockpot Garlic Lime Salsa Meatball Tacos,['Mexican'],"['Milk, Eggs, Other Dairy', 'Produce', 'Meat', 'Produce', 'Pasta and Rice;Ethnic Foods', 'Spices and Seasonings', 'Savory Snacks', 'Bakery/Bread;Pasta and Rice;Ethnic Foods']","['egg', 'garlic', 'ground chuck', 'lime peel', 'picante sauce', 'salt', 'scoops tortilla chips', 'tortilla']"
Spiced Chicken With Black Bean and Mango Salsa,['Mexican'],"['Meat', 'Spices and Seasonings', 'Spices and Seasonings', 'Spices and Seasonings', 'Produce;Spices and Seasonings', 'Spices and Seasonings', 'Spices and Seasonings', 'Spices and Seasonings', 'Spices and Seasonings', 'Oil, Vinegar, Salad Dressing', 'Pasta and Rice;Ethnic Foods', 'Pasta and Rice;Canned and Jarred', 'Produce', 'Produce;Ethnic Foods;Spices and Seasonings', 'Produce', 'Produce', 'Produce', 'Produce', 'Produce', 'Produce', 'Oil, Vinegar, Salad Dressing', 'Spices and Seasonings']","['boneless skinless chicken thighs', 'cumin', 'black pepper', 'kosher salt', 'oregano', 'dried thyme', 'chili powder', 'ground cayenne pepper', 'paprika', 'olive oil', 'salsa', 'black beans', 'garlic', 'ginger', 'tomato', 'persian cucumber', 'mango', 'red onion', 'serrano pepper', 'lime peel', 'olive oil', 'kosher salt']"
Quick Chicken Enchilada Soup,['Mexican'],"['Produce', 'Canned and Jarred', 'Canned and Jarred', 'Meat', 'Pasta and Rice;Ethnic Foods', 'Canned and Jarred', 'Milk, Eggs, Other Dairy', 'Savory Snacks', 'Cheese']","['whole kernel corn', 'canned black beans', 'canned tomatoes', 'whole chicken', 'green enchilada sauce', 'condensed cream of mushroom soup', 'milk', 'corn tortilla chips', 'shredded cheese']"
Mexican Pork and Rice,['Mexican'],"['Canned and Jarred', 'Canned and Jarred', 'Canned and Jarred', 'Spices and Seasonings', 'Produce;Spices and Seasonings', 'Spices and Seasonings', 'Produce', 'Produce', 'Produce', 'Produce', 'Produce', 'Meat', 'Pasta and Rice', 'Pasta and Rice;Ethnic Foods', 'Spices and Seasonings']","['canned black beans', 'canned diced tomatoes', 'chicken stock', 'chili powder', 'cilantro', 'cumin', 'garlic', 'green pepper', 'green chili pepper', 'lime juice', 'onion', 'pork chops', 'rice', 'salsa', 'salt']"
Enchilada Stuffed Spaghetti Squash,['Mexican'],"['Produce', 'Canned and Jarred', 'Canned and Jarred', 'Produce', 'Pasta and Rice;Ethnic Foods', 'Produce;Spices and Seasonings', 'Cheese', 'Meat', 'Produce']","['avocado', 'black olives', 'canned black beans', 'corn', 'green enchilada sauce', 'cilantro', 'low fat shredded cheddar', 'rotisserie chicken', 'spaghetti squash']"
Vegetarian Tostadas With Spicy Black Beans (+gluten free),['Mexican'],"['Bakery/Bread;Pasta and Rice;Ethnic Foods', 'Canned and Jarred', 'Produce', 'Produce', 'Oil, Vinegar, Salad Dressing', 'Ethnic Foods', 'Produce', 'Spices and Seasonings', 'Produce', 'Cheese', 'Milk, Eggs, Other Dairy', 'Pasta and Rice;Ethnic Foods']","['white corn tortilla', 'canned black beans', 'onion', 'garlic', 'olive oil', 'adobo sauce', 'spinach', 'coarse sea salt', 'cherry tomato', 'feta cheese', 'sour cream', 'salsa']"
Mango Guacamole,['Mexican'],"['Produce', 'Produce', 'Produce', 'Produce', 'Produce', 'Produce']","['avocado', 'mango', 'red onion', 'serrano pepper', 'garlic', 'lime juice']"
Mixed Bean Vegetarian Enchilada,['Mexican'],"['Oil, Vinegar, Salad Dressing', 'Produce', 'Produce', 'Spices and Seasonings', 'Produce', 'Beverages', 'Bakery/Bread;Pasta and Rice;Ethnic Foods', 'Milk, Eggs, Other Dairy', 'Cheese']","['olive oil', 'onion', 'carrot', 'chili powder', 'tomato', 'water', 'tortilla', 'low fat yogurt', 'extra sharp cheddar cheese']"
Slow Cooker Mexican Chicken Soup,['Mexican'],"['Canned and Jarred', 'Produce', 'Produce', 'Produce', 'Canned and Jarred', 'Produce', 'Spices and Seasonings', 'Spices and Seasonings', 'Meat', 'Spices and Seasonings', 'Cheese', 'Produce', 'Produce', 'Canned and Jarred;Produce;Ethnic Foods', 'Produce']","['canned black beans', 'onion', 'green chili pepper', 'garlic', 'chicken broth', 'sweet potato', 'cumin', 'chili powder', 'boneless skinless chicken thighs', 'salt and pepper', 'cheddar cheese', 'avocado', 'spring onions', 'jalapeno pepper', 'lime wedge']"
Slow Cooker Chicken Verde Enchilada,['Mexican'],"['Produce', 'Meat', 'Spices and Seasonings', 'Produce;Spices and Seasonings', 'Spices and Seasonings', 'Bakery/Bread;Pasta and Rice;Ethnic Foods', 'Produce', 'Spices and Seasonings', 'Spices and Seasonings', 'Spices and Seasonings', 'Canned and Jarred;Produce;Ethnic Foods', 'Produce', 'Milk, Eggs, Other Dairy', 'Produce', 'Spices and Seasonings', 'Spices and Seasonings', 'Spices and Seasonings', 'Cheese', 'Cheese', 'Produce', 'Beverages']","['avocado', 'whole chicken', 'chili powder', 'cilantro', 'cumin', 'flour tortilla', 'garlic', 'garlic powder', 'garlic powder', 'ground coriander', 'jalapeno pepper', 'lime juice', 'fat free greek yogurt', 'onion', 'onion powder', 'black pepper', 'black pepper', 'shredded cheddar cheese', 'shredded mexican cheese blend', 'tomatillos', 'water']"
Chilled Avocado and Cucumber Soup With Prawn and Scallop Salsa,['Mexican'],"['Produce', 'Spices and Seasonings', 'Produce', 'Oil, Vinegar, Salad Dressing', 'Beverages', 'Produce', 'Produce', 'Produce', 'Ethnic Foods', 'Produce', 'Beverages', 'Seafood', 'Seafood', 'Canned and Jarred', 'Produce', 'Produce;Spices and Seasonings', 'Spices and Seasonings', 'Spices and Seasonings', 'Oil, Vinegar, Salad Dressing;Health Foods']","['shallot', 'red pepper flakes', 'lime peel', 'grape seed oil', 'water', 'avocado', 'cucumber', 'spring onions', 'miso', 'lime', 'water', 'shrimp', 'scallops', 'black olives', 'orange', 'cilantro', 'coarse sea salt', 'black pepper', 'rice bran oil']"
Mexican Carnitas,['Mexican'],"['Bakery/Bread;Pasta and Rice;Ethnic Foods', 'Produce;Spices and Seasonings', 'Produce', 'Refrigerated', 'Frozen', 'Produce', 'Oil, Vinegar, Salad Dressing', 'Produce', 'Produce', 'Meat', 'Spices and Seasonings', 'Cheese']","['flour tortilla', 'cilantro', 'garlic', 'guacamole', 'ice', 'lemon', 'cooking oil', 'orange', 'bell pepper', 'beef shoulder roast', 'salt', 'shredded cheddar cheese']"
Mexican Stuffed Potatoes,['Mexican'],"['Meat', 'Pasta and Rice;Ethnic Foods', 'Produce', 'Cheese', 'Produce', 'Produce', 'Produce', 'Milk, Eggs, Other Dairy']","['95 percent lean ground beef', 'salsa', 'yukon gold potato', 'low fat shredded cheddar', 'italian tomato', 'spring onions', 'avocado', 'sour cream']"
Fresh Mango Salsa,['Mexican'],"['Produce', 'Produce', 'Canned and Jarred;Produce;Ethnic Foods', 'Produce', 'Produce', 'Baking', 'Produce;Spices and Seasonings', 'Spices and Seasonings', 'Produce']","['mango', 'peach', 'jalapeno pepper', 'garlic', 'red onion', 'sugar', 'cilantro', 'salt', 'lime juice']"
Authentic Chicken Enchiladas,['Mexican'],"['Meat', 'Spices and Seasonings', 'Bakery/Bread;Pasta and Rice;Ethnic Foods', 'Spices and Seasonings', 'Pasta and Rice;Ethnic Foods', 'Spices and Seasonings', 'Produce', 'Canned and Jarred;Produce;Ethnic Foods', 'Oil, Vinegar, Salad Dressing', 'Produce', 'Spices and Seasonings', 'Cheese']","['chicken breast', 'chili powder', 'white corn tortilla', 'cumin', 'green enchilada sauce', 'garlic powder', 'green chili pepper', 'jalapeno pepper', 'olive oil', 'onion', 'salt and pepper', 'shredded mexican cheese blend']"
Zesty Taco Casserole,['Mexican'],"['Bakery/Bread;Pasta and Rice;Ethnic Foods', 'Meat', 'Spices and Seasonings', 'Spices and Seasonings', 'Produce', 'Canned and Jarred;Produce;Ethnic Foods', 'Ethnic Foods;Spices and Seasonings', 'Spices and Seasonings', 'Spices and Seasonings', 'Canned and Jarred', 'Canned and Jarred', 'Pasta and Rice;Ethnic Foods', 'Canned and Jarred;Ethnic Foods', 'Milk, Eggs, Other Dairy', 'Savory Snacks', 'Cheese', 'Produce', 'Produce']","['white corn tortilla', 'ground chuck', 'salt', 'black pepper', 'onion', 'jalapeno pepper', 'taco seasoning mix', 'chili powder', 'onion powder', 'canned green chiles', 'olives', 'salsa', 'refried beans', 'sour cream', 'corn tortilla chips', 'sharp cheddar cheese', 'avocado', 'cherry tomato']"
How to Make a Chicken Taco Crock Pot,['Mexican'],"['Meat', 'Produce', 'Produce', 'Canned and Jarred', 'Canned and Jarred', 'Ethnic Foods;Spices and Seasonings']","['chicken breast', 'white onion', 'whole kernel corn', 'canned black beans', 'canned tomatoes', 'taco seasoning mix']"
New Mexican Red Bean Chili,['Mexican'],"['Canned and Jarred', 'Canned and Jarred', 'Produce', 'Spices and Seasonings', 'Spices and Seasonings', 'Spices and Seasonings', 'Meat', 'Produce;Spices and Seasonings', 'Produce', 'Canned and Jarred', 'Produce']","['beef broth', 'canned kidney beans', 'chili pepper', 'dried cilantro', 'allspice', 'cumin', '95 percent lean ground beef', 'oregano', 'red onion', 'roasted red peppers', 'tomato']"
Chicken and Black Bean Burritos,['Mexican'],"['Ethnic Foods', 'Meat', 'Canned and Jarred', 'Pasta and Rice;Canned and Jarred', 'Baking', 'Oil, Vinegar, Salad Dressing', 'Produce;Spices and Seasonings', 'Produce', 'Spices and Seasonings', 'Canned and Jarred;Produce;Ethnic Foods', 'Produce', 'Beverages', 'Spices and Seasonings', 'Produce', 'Produce']","['burrito size tortilla', 'chicken breast halves', 'chicken broth', 'black beans', 'corn starch', 'extra virgin olive oil', 'cilantro', 'garlic', 'black pepper', 'jalapeno pepper', 'lime juice', 'orange juice', 'kosher salt', 'onion', 'chili pepper']"
Paprika and Coriander Rubbed Steaks With Orange-Coriander Salsa,['Mexican'],"['Meat', 'Spices and Seasonings', 'Spices and Seasonings', 'Spices and Seasonings', 'Spices and Seasonings', 'Oil, Vinegar, Salad Dressing', 'Produce', 'Produce', 'Produce', 'Produce;Spices and Seasonings', 'Oil, Vinegar, Salad Dressing', 'Spices and Seasonings', 'Spices and Seasonings']","['steak', 'paprika', 'ground coriander', 'black pepper', 'salt', 'olive oil', 'navel orange', 'garlic', 'spring onions', 'cilantro', 'olive oil', 'red pepper flakes', 'salt and pepper']"
Blueberry Ginger Salsa with Grilled Halibut,['Mexican'],"['Produce', 'Produce;Ethnic Foods;Spices and Seasonings', 'Produce;Spices and Seasonings', 'Nut butters, Jams, and Honey', 'Produce', 'Oil, Vinegar, Salad Dressing', 'Spices and Seasonings', 'Produce']","['blueberries', 'ginger', 'mint', 'honey', 'lemon', 'olive oil', 'salt and pepper', 'shallot']"
Pork Carnitas Tacos,['Mexican'],"['Beverages', 'Meat', 'Produce', 'Spices and Seasonings', 'Oil, Vinegar, Salad Dressing', 'Beverages', 'Milk, Eggs, Other Dairy', 'Bakery/Bread;Pasta and Rice;Ethnic Foods', 'Pasta and Rice;Ethnic Foods', 'Produce', 'Produce;Spices and Seasonings', 'Produce', 'Produce']","['water', 'boston butt', 'garlic', 'coarse sea salt', 'olive oil', 'orange juice', 'milk', 'white corn tortilla', 'salsa', 'avocado', 'cilantro', 'onion', 'lime']"
Vegetarian Enchilada Stuffed Peppers,['Mexican'],"['Pasta and Rice;Health Foods', 'Produce', 'Produce;Spices and Seasonings', 'Produce', 'Canned and Jarred;Ethnic Foods', 'Oil, Vinegar, Salad Dressing', 'Produce', 'Produce', 'Canned and Jarred;Ethnic Foods', 'Spices and Seasonings', 'Pasta and Rice', 'Spices and Seasonings', 'Spices and Seasonings', 'Frozen', 'Cheese']","['quinoa', 'lime juice', 'cilantro', 'poblano pepper', 'refried beans', 'olive oil', 'yellow onion', 'garlic', 'canned chipotle chile', 'cumin', 'canned tomato sauce', 'kosher salt', 'black pepper', 'frozen corn', 'colby jack']"
Turkey Chorizo and Potato Tacos,['Mexican'],"['Produce', 'Spices and Seasonings', 'Meat', 'Spices and Seasonings', 'Spices and Seasonings', 'Spices and Seasonings', 'Produce', 'Canned and Jarred;Ethnic Foods', 'Spices and Seasonings', 'Produce;Spices and Seasonings', 'Oil, Vinegar, Salad Dressing', 'Oil, Vinegar, Salad Dressing', 'Bakery/Bread;Pasta and Rice;Ethnic Foods']","['potato', 'salt', 'ground turkey', 'black pepper', 'smoked paprika', 'paprika', 'garlic', 'canned chipotle chile', 'ground coriander', 'oregano', 'apple cider vinegar', 'vegetable oil', 'white corn tortilla']"
Skillet Enchilada Dinner,['Mexican'],"['Spices and Seasonings', 'Canned and Jarred', 'Produce', 'Bakery/Bread;Pasta and Rice;Ethnic Foods', 'Produce;Spices and Seasonings', 'Produce', 'Produce', 'Spices and Seasonings', 'Meat', 'Cheese', 'Oil, Vinegar, Salad Dressing', 'Produce', 'Produce', 'Spices and Seasonings', 'Ethnic Foods;Spices and Seasonings']","['black pepper', 'canned tomatoes', 'cherry tomato', 'white corn tortilla', 'cilantro', 'garlic', 'green chili pepper', 'cumin', 'ground turkey', 'monterey jack cheese', 'olive oil', 'onion', 'romaine', 'salt', 'taco seasoning mix']"
Spicy Coconut Chicken With Mango Basil Salsa,['Mexican'],"['Produce', 'Produce', 'Canned and Jarred;Milk, Eggs, Other Dairy', 'Baking', 'Produce', 'Produce', 'Produce;Ethnic Foods;Spices and Seasonings', 'Canned and Jarred;Produce;Ethnic Foods', 'Produce', 'Spices and Seasonings', 'Produce', 'Produce', 'Spices and Seasonings', 'Produce', 'Meat', 'Ethnic Foods;Condiments', 'Oil, Vinegar, Salad Dressing']","['fresh basil', 'bell pepper', 'coconut milk', 'dark brown sugar', 'fresh basil', 'garlic', 'ginger', 'jalapeno pepper', 'lime juice', 'kosher salt', 'lime peel', 'mango', 'salt', 'spring onions', 'boneless skinless chicken breast', 'soy sauce', 'vegetable oil']"
Katie's Unforgettable Salsa,['Mexican'],"['Produce', 'Produce', 'Canned and Jarred;Produce;Ethnic Foods', 'Produce', 'Produce;Spices and Seasonings', 'Canned and Jarred', 'Pasta and Rice', 'Spices and Seasonings', 'Spices and Seasonings', 'Spices and Seasonings', 'Baking']","['green pepper', 'onion', 'jalapeno pepper', 'garlic', 'cilantro', 'canned tomatoes', 'tomato paste', 'salt', 'black pepper', 'italian seasoning', 'sugar']"
Sausage and Egg Breakfast Burrito,['Mexican'],"['Meat', 'Produce', 'Produce', 'Produce', 'Canned and Jarred;Produce;Ethnic Foods', 'Spices and Seasonings', 'Produce;Spices and Seasonings', 'Spices and Seasonings', 'Bakery/Bread;Pasta and Rice;Ethnic Foods', 'Milk, Eggs, Other Dairy', 'Milk, Eggs, Other Dairy', 'Condiments']","['ground pork sausage', 'white onion', 'garlic', 'peppers', 'jalapeno pepper', 'kosher salt', 'oregano', 'black pepper', 'flour tortilla', 'egg', 'butter', 'sriracha']"
Easy and Delicious Taco Soup,['Mexican'],"['Meat', 'Produce', 'Canned and Jarred', 'Canned and Jarred', 'Produce', 'Pasta and Rice', 'Canned and Jarred', 'Canned and Jarred', 'Canned and Jarred', 'Ethnic Foods;Spices and Seasonings', 'Spices and Seasonings', 'Produce;Spices and Seasonings', 'Cheese', 'Savory Snacks', 'Milk, Eggs, Other Dairy']","['ground turkey', 'onion', 'canned pinto beans', 'canned kidney beans', 'corn', 'canned tomato sauce', 'canned diced tomatoes', 'canned green chiles', 'olives', 'taco seasoning mix', 'ground cayenne pepper', 'cilantro', 'cheese', 'corn tortilla chips', 'sour cream']"
Crock Pot Beef and Bean Burritos,['Mexican'],"['Meat', 'Ethnic Foods;Spices and Seasonings', 'Produce', 'Canned and Jarred;Produce;Ethnic Foods', 'Produce', 'Oil, Vinegar, Salad Dressing', 'Pasta and Rice;Canned and Jarred', 'Bakery/Bread;Pasta and Rice;Ethnic Foods', 'Cheese', 'Produce', 'Canned and Jarred', 'Milk, Eggs, Other Dairy']","['round tip steak', 'taco seasoning mix', 'onion', 'jalapeno pepper', 'garlic', 'distilled white vinegar', 'black beans', 'flour tortilla', 'monterey jack cheese', 'tomato', 'black olives', 'sour cream']"
Grilled Swordfish With Melon-Mint Salsa,['Mexican'],"['Seafood', 'Produce', 'Produce;Spices and Seasonings', 'Produce', 'Produce', 'Nut butters, Jams, and Honey', 'Milk, Eggs, Other Dairy', 'Spices and Seasonings', 'Spices and Seasonings']","['swordfish', 'cantaloupe', 'mint', 'fresh basil', 'lime juice', 'honey', 'butter', 'salt and pepper', 'garlic salt']"
Kogi Kimchi Quesadillas,['Mexican'],"['Frozen;Meat', 'Milk, Eggs, Other Dairy', 'Bakery/Bread;Pasta and Rice;Ethnic Foods', 'Spices and Seasonings', 'Produce', 'Ethnic Foods', 'Oil, Vinegar, Salad Dressing', 'Spices and Seasonings', 'Ethnic Foods;Spices and Seasonings', 'Cheese']","['beef', 'butter', 'flour tortilla', 'garlic powder', 'spring onions', 'kimchi', 'olive oil', 'salt and pepper', 'sesame seeds', 'sharp cheddar cheese']"
Catfish Tacos With Pimento Cheese Crema and Watermelon Salsa,['Mexican'],"['Produce', 'Spices and Seasonings', 'Milk, Eggs, Other Dairy', 'Oil, Vinegar, Salad Dressing', 'Seafood', 'Spices and Seasonings', 'Bakery/Bread;Pasta and Rice;Ethnic Foods', 'Cheese', 'Milk, Eggs, Other Dairy', 'Produce;Spices and Seasonings', 'Produce', 'Produce', 'Produce', 'Produce', 'Spices and Seasonings', 'Spices and Seasonings', 'Produce', 'Condiments', 'Cheese', 'Spices and Seasonings', 'Produce', 'Produce', 'Produce', 'Produce', 'Produce', 'Cheese', 'Condiments', 'Condiments', 'Produce', 'Produce', 'Ethnic Foods;Baking']","['avocado', 'black pepper', 'buttermilk', 'cooking oil', 'catfish', 'celery seed', 'white corn tortilla', 'cream cheese', 'mexican crema', 'cilantro', 'garlic', 'garlic', 'lime juice', 'lime juice', 'kosher salt', 'kosher salt', 'lemon peel', 'mayonnaise', 'mozzarella', 'paprika', 'persian cucumber', 'pimiento', 'red onion', 'red onion', 'serrano pepper', 'shredded mexican cheese blend', 'sriracha', 'hot sauce', 'tomato', 'watermelon', 'cornmeal']"
Chipotle Chicken Enchiladas,['Mexican'],"['Oil, Vinegar, Salad Dressing', 'Baking', 'Spices and Seasonings', 'Spices and Seasonings', 'Pasta and Rice', 'Produce', 'Meat', 'Spices and Seasonings', 'Produce', 'Produce', 'Spices and Seasonings', 'Spices and Seasonings', 'Canned and Jarred', 'Canned and Jarred;Ethnic Foods', 'Canned and Jarred', 'Bakery/Bread;Pasta and Rice;Ethnic Foods', 'Cheese', 'Produce;Spices and Seasonings']","['vegetable oil', 'wheat flour', 'chili powder', 'cumin', 'canned tomato sauce', 'lime juice', 'boneless skinless chicken breast', 'salt and pepper', 'onion', 'garlic', 'chili powder', 'cumin', 'canned green chiles', 'canned chipotle chile', 'canned tomatoes', 'white corn tortilla', 'monterey jack cheese', 'cilantro']"
Summer Popsicle Series – Strawberry,['Mexican'],"['Baking', 'Milk, Eggs, Other Dairy', 'Produce', 'Produce', 'Milk, Eggs, Other Dairy']","['sugar', 'greek yogurt', 'lemon juice', 'strawberries', 'milk']"
Chicken Enchilada Chowder,['Mexican'],"['Pasta and Rice;Canned and Jarred', 'Canned and Jarred', 'Produce', 'Produce', 'Pasta and Rice;Ethnic Foods', 'Canned and Jarred', 'Milk, Eggs, Other Dairy', 'Canned and Jarred', 'Produce', 'Canned and Jarred;Produce;Ethnic Foods', 'Meat', 'Cheese', 'Cheese', 'Milk, Eggs, Other Dairy', 'Savory Snacks']","['black beans', 'fire roasted tomatoes', 'onion', 'orange pepper', 'green enchilada sauce', 'condensed cream of chicken soup', 'milk', 'creamed corn', 'green chili pepper', 'jalapeno pepper', 'boneless skinless chicken breast', 'monterey jack cheese', 'shredded cheddar cheese', 'sour cream', 'corn tortilla chips']"
Mexican Chicken Lettuce Wraps,['Mexican'],"['Meat', 'Produce', 'Spices and Seasonings', 'Spices and Seasonings', 'Spices and Seasonings', 'Spices and Seasonings', 'Oil, Vinegar, Salad Dressing', 'Canned and Jarred', 'Produce', 'Produce', 'Produce', 'Produce', 'Produce']","['chicken breast', 'lime juice', 'cumin', 'chili powder', 'seasoned salt', 'garlic powder', 'olive oil', 'canned black beans', 'tomato', 'onion', 'red pepper', 'avocado', 'butter lettuce leaves']"
Enchiladas Verdes (Green Enchiladas),['Mexican'],"['Meat', 'Produce;Ethnic Foods;Spices and Seasonings', 'Oil, Vinegar, Salad Dressing', 'Milk, Eggs, Other Dairy', 'Baking', 'Produce', 'Bakery/Bread;Pasta and Rice;Ethnic Foods', 'Cheese', 'Cheese', 'Milk, Eggs, Other Dairy', 'Spices and Seasonings', 'Beverages']","['boneless skinless chicken breast', 'dried arbol chile', 'cooking oil', 'buttermilk', 'wheat flour', 'white onion', 'white corn tortilla', 'cheese', 'queso fresco', 'mexican crema', 'salt', 'water']"
Elk Sirloin Tacos With Pickled Jalapeños,['Mexican'],"['Meat', 'Produce', 'Produce', 'Canned and Jarred;Produce;Ethnic Foods', 'Produce', 'Bakery/Bread;Pasta and Rice;Ethnic Foods', 'Cheese', 'Produce', 'Pasta and Rice;Ethnic Foods', 'Spices and Seasonings', 'Spices and Seasonings', 'Spices and Seasonings', 'Spices and Seasonings', 'Produce']","['elk', 'onion', 'tomato', 'jalapeno pepper', 'avocado', 'white corn tortilla', 'mexican cheese', 'cabbage', 'salsa', 'salt', 'garlic powder', 'ground chipotle chile pepper', 'cumin', 'red pepper']"
Cheesy Cowboy Quesadillas,['Mexican'],"['Produce', 'Milk, Eggs, Other Dairy', 'Canned and Jarred', 'Cheese', 'Spices and Seasonings', 'Produce', 'Cheese', 'Spices and Seasonings', 'Produce', 'Produce', 'Spices and Seasonings', 'Meat', 'Bakery/Bread;Pasta and Rice;Ethnic Foods']","['bell pepper', 'butter', 'canned black beans', 'cheese', 'chili powder', 'corn', 'cream cheese', 'cumin', 'garlic', 'onion', 'salt', 'shredded chicken', 'tortilla']"
Chavrie Guacamole,['Mexican'],"['Produce', 'Spices and Seasonings', 'Cheese', 'Produce', 'Produce', 'Spices and Seasonings', 'Condiments', 'Produce']","['avocado', 'cumin', 'goat cheese', 'lemon juice', 'lime juice', 'salt and pepper', 'hot sauce', 'tomato']"
Tex-Mex Polenta Rounds with Chunky Guacamole,['Mexican'],"['Produce', 'Spices and Seasonings', 'Cheese', 'Produce', 'Pasta and Rice;Ethnic Foods;Baking', 'Pasta and Rice;Ethnic Foods', 'Spices and Seasonings', 'Produce']","['avocado', 'chili powder', 'colby jack', 'green pepper', 'polenta', 'salsa', 'salt', 'yellow onion']"
Fresh Mex Salsa,['Mexican'],"['Canned and Jarred', 'Spices and Seasonings', 'Produce;Spices and Seasonings', 'Spices and Seasonings', 'Frozen', 'Produce', 'Canned and Jarred;Produce;Ethnic Foods', 'Produce', 'Oil, Vinegar, Salad Dressing', 'Produce', 'Produce', 'Spices and Seasonings', 'Produce', 'Oil, Vinegar, Salad Dressing']","['canned black beans', 'chili powder', 'cilantro', 'cumin', 'frozen corn', 'green pepper', 'jalapeno pepper', 'lime', 'olive oil', 'red pepper', 'red onion', 'salt', 'tomato', 'distilled white vinegar']"
Salsa,['Mexican'],"['Gourmet', 'Produce', 'Pasta and Rice;Ethnic Foods', 'Pasta and Rice;Ethnic Foods', 'Produce', 'Pasta and Rice;Ethnic Foods', 'Pasta and Rice;Ethnic Foods', 'Pasta and Rice;Ethnic Foods']","['caviar', 'cherry tomato', 'salsa', 'salsa', 'peach', 'salsa', 'salsa', 'salsa verde']"
Artichoke croutons with guacamole,['Mexican'],"['Produce', 'Produce', 'Produce;Spices and Seasonings', 'Produce', 'Produce', 'Spices and Seasonings', 'Produce', 'Bakery/Bread', 'Produce', 'Produce', 'Milk, Eggs, Other Dairy', 'Oil, Vinegar, Salad Dressing', 'Oil, Vinegar, Salad Dressing', 'Produce;Baking']","['avocado', 'cherry tomato', 'parsley', 'onion', 'lemon juice', 'salt', 'bell pepper', 'french bread', 'garlic', 'artichoke', 'butter', 'balsamic vinegar', 'extra virgin olive oil', 'pine nuts']"
Rotisserie Chicken and Bean Tostadas,['Mexican'],"['Meat', 'Bakery/Bread;Pasta and Rice;Ethnic Foods', 'Canned and Jarred;Ethnic Foods', 'Produce', 'Canned and Jarred;Produce;Ethnic Foods', 'Produce', 'Cheese', 'Produce', 'Refrigerated', 'Pasta and Rice;Ethnic Foods']","['rotisserie chicken', 'white corn tortilla', 'refried beans', 'tomato', 'jalapeno pepper', 'lettuce', 'cotija cheese', 'lime', 'guacamole', 'salsa']"
